[
  {
    "id": 1,
    "first_name": "John",
    "last_name": "Doe",
    "email": "john.doe@example.com",
    "gender": "Male",
    "ip_address": "192.168.1.1"
  },
  {
    "id": 2,
    "first_name": "Jane",
    "last_name": "Smith",
    "email": "jane.smith@example.com",
    "gender": "Female",
    "ip_address": "192.168.1.2"
  },
  {
    "id": 3,
    "first_name": "Carlos",
    "last_name": "Rodríguez",
    "email": "carlos@example.com",
    "gender": "Male",
    "ip_address": "192.168.1.3"
  },
  {
    "id": 4,
    "first_name": "María",
    "last_name": "García",
    "email": "maria@example.com",
    "gender": "Female",
    "ip_address": "192.168.1.4"
  },
  {
    "id": 5,
    "first_name": "Alex",
    "last_name": "Taylor",
    "email": "alex.taylor@example.com",
    "gender": "Non-binary",
    "ip_address": "192.168.1.5"
  }
]