<?xml version='1.0' encoding='UTF-8'?>
<dataset>
<record><id>1</id><nombre>Marys</nombre><apellido>Cotter</apellido><email>mcotter0@cmu.edu</email></record><record><id>2</id><nombre>Quintus</nombre><apellido>Dreher</apellido><email>qdreher1@yelp.com</email></record><record><id>3</id><nombre>Tonya</nombre><apellido>Sparks</apellido><email>tsparks2@ask.com</email></record><record><id>4</id><nombre>Kirstin</nombre><apellido>Mac Giany</apellido><email>kmacgiany3@diigo.com</email></record><record><id>5</id><nombre>Alaster</nombre><apellido>McPake</apellido><email>amcpake4@buzzfeed.com</email></record><record><id>6</id><nombre>Hali</nombre><apellido>Avramovitz</apellido><email>havramovitz5@archive.org</email></record><record><id>7</id><nombre>Ilise</nombre><apellido>Gowrich</apellido><email>igowrich6@yahoo.co.jp</email></record><record><id>8</id><nombre>Clayson</nombre><apellido>Candish</apellido><email>ccandish7@joomla.org</email></record><record><id>9</id><nombre>Tamera</nombre><apellido>Hullbrook</apellido><email>thullbrook8@moonfruit.com</email></record><record><id>10</id><nombre>Norri</nombre><apellido>Etoile</apellido><email>netoile9@etsy.com</email></record><record><id>11</id><nombre>Aurelie</nombre><apellido>Wyley</apellido><email>awyleya@google.pl</email></record><record><id>12</id><nombre>Dari</nombre><apellido>Hodjetts</apellido><email>dhodjettsb@fastcompany.com</email></record><record><id>13</id><nombre>Findley</nombre><apellido>Winkle</apellido><email>fwinklec@ovh.net</email></record><record><id>14</id><nombre>Cynthy</nombre><apellido>Varrow</apellido><email>cvarrowd@shutterfly.com</email></record><record><id>15</id><nombre>Suzanna</nombre><apellido>Dundendale</apellido><email>sdundendalee@oracle.com</email></record><record><id>16</id><nombre>Catarina</nombre><apellido>Hanaford</apellido><email>chanafordf@thetimes.co.uk</email></record><record><id>17</id><nombre>Bevon</nombre><apellido>Ronaldson</apellido><email>bronaldsong@upenn.edu</email></record><record><id>18</id><nombre>Cordey</nombre><apellido>Nelissen</apellido><email>cnelissenh@eventbrite.com</email></record><record><id>19</id><nombre>Denny</nombre><apellido>Oakeby</apellido><email>doakebyi@statcounter.com</email></record><record><id>20</id><nombre>Evyn</nombre><apellido>Lob</apellido><email>elobj@washington.edu</email></record><record><id>21</id><nombre>Tessi</nombre><apellido>McClory</apellido><email>tmccloryk@vk.com</email></record><record><id>22</id><nombre>Nelli</nombre><apellido>Lukash</apellido><email>nlukashl@spiegel.de</email></record><record><id>23</id><nombre>Hephzibah</nombre><apellido>Joel</apellido><email>hjoelm@nydailynews.com</email></record><record><id>24</id><nombre>Kandace</nombre><apellido>Reckus</apellido><email>kreckusn@printfriendly.com</email></record><record><id>25</id><nombre>Eddie</nombre><apellido>Bing</apellido><email>ebingo@wix.com</email></record><record><id>26</id><nombre>Boothe</nombre><apellido>Scini</apellido><email>bscinip@huffingtonpost.com</email></record><record><id>27</id><nombre>Brandy</nombre><apellido>Phythian</apellido><email>bphythianq@huffingtonpost.com</email></record><record><id>28</id><nombre>Bonita</nombre><apellido>Cowburn</apellido><email>bcowburnr@surveymonkey.com</email></record><record><id>29</id><nombre>Isaak</nombre><apellido>Lestor</apellido><email>ilestors@csmonitor.com</email></record><record><id>30</id><nombre>Elihu</nombre><apellido>Iwanowicz</apellido><email>eiwanowiczt@jimdo.com</email></record><record><id>31</id><nombre>Jorie</nombre><apellido>Poppleston</apellido><email>jpopplestonu@utexas.edu</email></record><record><id>32</id><nombre>Shari</nombre><apellido>Gosalvez</apellido><email>sgosalvezv@nature.com</email></record><record><id>33</id><nombre>Glen</nombre><apellido>Harmon</apellido><email>gharmonw@psu.edu</email></record><record><id>34</id><nombre>Ambrosi</nombre><apellido>Alchin</apellido><email>aalchinx@mlb.com</email></record><record><id>35</id><nombre>Zia</nombre><apellido>Botterman</apellido><email>zbottermany@tripadvisor.com</email></record><record><id>36</id><nombre>Uriah</nombre><apellido>Johnstone</apellido><email>ujohnstonez@bing.com</email></record><record><id>37</id><nombre>Leela</nombre><apellido>Bushrod</apellido><email>lbushrod10@behance.net</email></record><record><id>38</id><nombre>Fabio</nombre><apellido>Elcom</apellido><email>felcom11@pinterest.com</email></record><record><id>39</id><nombre>Dorothea</nombre><apellido>Curbishley</apellido><email>dcurbishley12@oaic.gov.au</email></record><record><id>40</id><nombre>Gustavo</nombre><apellido>Amesbury</apellido><email>gamesbury13@phpbb.com</email></record><record><id>41</id><nombre>Hannis</nombre><apellido>Denness</apellido><email>hdenness14@nsw.gov.au</email></record><record><id>42</id><nombre>Dave</nombre><apellido>Langdale</apellido><email>dlangdale15@dedecms.com</email></record><record><id>43</id><nombre>Merrick</nombre><apellido>Lenoir</apellido><email>mlenoir16@slideshare.net</email></record><record><id>44</id><nombre>Stern</nombre><apellido>Gero</apellido><email>sgero17@telegraph.co.uk</email></record><record><id>45</id><nombre>Cad</nombre><apellido>Wightman</apellido><email>cwightman18@vkontakte.ru</email></record><record><id>46</id><nombre>Emmey</nombre><apellido>Mulvey</apellido><email>emulvey19@wired.com</email></record><record><id>47</id><nombre>Nyssa</nombre><apellido>Knutton</apellido><email>nknutton1a@netlog.com</email></record><record><id>48</id><nombre>Margareta</nombre><apellido>Trask</apellido><email>mtrask1b@ox.ac.uk</email></record><record><id>49</id><nombre>Frances</nombre><apellido>Snadden</apellido><email>fsnadden1c@dyndns.org</email></record><record><id>50</id><nombre>Kermy</nombre><apellido>Hullbrook</apellido><email>khullbrook1d@trellian.com</email></record><record><id>51</id><nombre>Aaron</nombre><apellido>McFadzean</apellido><email>amcfadzean1e@friendfeed.com</email></record><record><id>52</id><nombre>Susanne</nombre><apellido>Figgess</apellido><email>sfiggess1f@example.com</email></record><record><id>53</id><nombre>Kirsten</nombre><apellido>Banbrook</apellido><email>kbanbrook1g@youku.com</email></record><record><id>54</id><nombre>Rosaleen</nombre><apellido>Lillicrap</apellido><email>rlillicrap1h@163.com</email></record><record><id>55</id><nombre>Ceil</nombre><apellido>Axon</apellido><email>caxon1i@soundcloud.com</email></record><record><id>56</id><nombre>Bell</nombre><apellido>Jays</apellido><email>bjays1j@hao123.com</email></record><record><id>57</id><nombre>Pammie</nombre><apellido>Dumpleton</apellido><email>pdumpleton1k@wufoo.com</email></record><record><id>58</id><nombre>Danyette</nombre><apellido>Stygall</apellido><email>dstygall1l@wsj.com</email></record><record><id>59</id><nombre>Otis</nombre><apellido>Kerwin</apellido><email>okerwin1m@netscape.com</email></record><record><id>60</id><nombre>Brittan</nombre><apellido>Falks</apellido><email>bfalks1n@gizmodo.com</email></record><record><id>61</id><nombre>Allina</nombre><apellido>Sherlock</apellido><email>asherlock1o@topsy.com</email></record><record><id>62</id><nombre>Ruthy</nombre><apellido>Eite</apellido><email>reite1p@issuu.com</email></record><record><id>63</id><nombre>Ivan</nombre><apellido>Strasse</apellido><email>istrasse1q@example.com</email></record><record><id>64</id><nombre>Gayle</nombre><apellido>Bounde</apellido><email>gbounde1r@blogtalkradio.com</email></record><record><id>65</id><nombre>Valentine</nombre><apellido>Mynott</apellido><email>vmynott1s@blogtalkradio.com</email></record><record><id>66</id><nombre>Gussi</nombre><apellido>Lindeberg</apellido><email>glindeberg1t@ucoz.ru</email></record><record><id>67</id><nombre>Tammara</nombre><apellido>Kopacek</apellido><email>tkopacek1u@bizjournals.com</email></record><record><id>68</id><nombre>Jefferson</nombre><apellido>Glasby</apellido><email>jglasby1v@about.me</email></record><record><id>69</id><nombre>Kiersten</nombre><apellido>Lennox</apellido><email>klennox1w@hp.com</email></record><record><id>70</id><nombre>Rozele</nombre><apellido>Bellenie</apellido><email>rbellenie1x@wiley.com</email></record><record><id>71</id><nombre>Ermina</nombre><apellido>Paynes</apellido><email>epaynes1y@prlog.org</email></record><record><id>72</id><nombre>Yule</nombre><apellido>Petyakov</apellido><email>ypetyakov1z@webs.com</email></record><record><id>73</id><nombre>Lise</nombre><apellido>MacKeeg</apellido><email>lmackeeg20@pinterest.com</email></record><record><id>74</id><nombre>Daphna</nombre><apellido>Pugsley</apellido><email>dpugsley21@exblog.jp</email></record><record><id>75</id><nombre>Florenza</nombre><apellido>Brunt</apellido><email>fbrunt22@hatena.ne.jp</email></record><record><id>76</id><nombre>Stearn</nombre><apellido>Walthall</apellido><email>swalthall23@blogger.com</email></record><record><id>77</id><nombre>Cornell</nombre><apellido>Leggott</apellido><email>cleggott24@arizona.edu</email></record><record><id>78</id><nombre>Ernesta</nombre><apellido>Mattisson</apellido><email>emattisson25@fotki.com</email></record><record><id>79</id><nombre>Lewiss</nombre><apellido>Cartner</apellido><email>lcartner26@friendfeed.com</email></record><record><id>80</id><nombre>Susy</nombre><apellido>Tampling</apellido><email>stampling27@dedecms.com</email></record><record><id>81</id><nombre>Claudio</nombre><apellido>Howard</apellido><email>choward28@google.com.au</email></record><record><id>82</id><nombre>Alexa</nombre><apellido>Struthers</apellido><email>astruthers29@issuu.com</email></record><record><id>83</id><nombre>Damiano</nombre><apellido>Preedy</apellido><email>dpreedy2a@nba.com</email></record><record><id>84</id><nombre>Gerhardine</nombre><apellido>Roots</apellido><email>groots2b@altervista.org</email></record><record><id>85</id><nombre>Cathee</nombre><apellido>Gergher</apellido><email>cgergher2c@gizmodo.com</email></record><record><id>86</id><nombre>Andie</nombre><apellido>Barthrop</apellido><email>abarthrop2d@photobucket.com</email></record><record><id>87</id><nombre>Kara-lynn</nombre><apellido>Coumbe</apellido><email>kcoumbe2e@va.gov</email></record><record><id>88</id><nombre>Adrienne</nombre><apellido>Redgate</apellido><email>aredgate2f@baidu.com</email></record><record><id>89</id><nombre>Tawnya</nombre><apellido>Gai</apellido><email>tgai2g@digg.com</email></record><record><id>90</id><nombre>Igor</nombre><apellido>Golden of Ireland</apellido><email>igoldenofireland2h@unesco.org</email></record><record><id>91</id><nombre>Lorilyn</nombre><apellido>Fanning</apellido><email>lfanning2i@deviantart.com</email></record><record><id>92</id><nombre>Elianora</nombre><apellido>Paton</apellido><email>epaton2j@ustream.tv</email></record><record><id>93</id><nombre>Bax</nombre><apellido>Sprott</apellido><email>bsprott2k@altervista.org</email></record><record><id>94</id><nombre>Pauline</nombre><apellido>Gaynesford</apellido><email>pgaynesford2l@odnoklassniki.ru</email></record><record><id>95</id><nombre>Elysee</nombre><apellido>Mapowder</apellido><email>emapowder2m@printfriendly.com</email></record><record><id>96</id><nombre>Esta</nombre><apellido>Titterrell</apellido><email>etitterrell2n@fotki.com</email></record><record><id>97</id><nombre>Krissie</nombre><apellido>Lace</apellido><email>klace2o@google.ca</email></record><record><id>98</id><nombre>Lauralee</nombre><apellido>Lilley</apellido><email>llilley2p@woothemes.com</email></record><record><id>99</id><nombre>Auberta</nombre><apellido>Blaxeland</apellido><email>ablaxeland2q@dedecms.com</email></record><record><id>100</id><nombre>Georgianna</nombre><apellido>Emmison</apellido><email>gemmison2r@livejournal.com</email></record></dataset>