[
  {
    "apellido": "Cotter",
    "id": 1,
    "nombre": "Marys",
    "email": "mcotter0@cmu.edu"
  },
  {
    "apellido": "Dreher",
    "id": 2,
    "nombre": "Quintus",
    "email": "qdreher1@yelp.com"
  },
  {
    "apellido": "Sparks",
    "id": 3,
    "nombre": "Tonya",
    "email": "tsparks2@ask.com"
  },
  {
    "apellido": "Mac Giany",
    "id": 4,
    "nombre": "Kirstin",
    "email": "kmacgiany3@diigo.com"
  },
  {
    "apellido": "McPake",
    "id": 5,
    "nombre": "Alaster",
    "email": "amcpake4@buzzfeed.com"
  },
  {
    "apellido": "Avramovitz",
    "id": 6,
    "nombre": "Hali",
    "email": "havramovitz5@archive.org"
  },
  {
    "apellido": "Gowrich",
    "id": 7,
    "nombre": "Ilise",
    "email": "igowrich6@yahoo.co.jp"
  },
  {
    "apellido": "Candish",
    "id": 8,
    "nombre": "Clayson",
    "email": "ccandish7@joomla.org"
  },
  {
    "apellido": "Hullbrook",
    "id": 9,
    "nombre": "Tamera",
    "email": "thullbrook8@moonfruit.com"
  },
  {
    "apellido": "Etoile",
    "id": 10,
    "nombre": "Norri",
    "email": "netoile9@etsy.com"
  },
  {
    "apellido": "Wyley",
    "id": 11,
    "nombre": "Aurelie",
    "email": "awyleya@google.pl"
  },
  {
    "apellido": "Hodjetts",
    "id": 12,
    "nombre": "Dari",
    "email": "dhodjettsb@fastcompany.com"
  },
  {
    "apellido": "Winkle",
    "id": 13,
    "nombre": "Findley",
    "email": "fwinklec@ovh.net"
  },
  {
    "apellido": "Varrow",
    "id": 14,
    "nombre": "Cynthy",
    "email": "cvarrowd@shutterfly.com"
  },
  {
    "apellido": "Dundendale",
    "id": 15,
    "nombre": "Suzanna",
    "email": "sdundendalee@oracle.com"
  },
  {
    "apellido": "Hanaford",
    "id": 16,
    "nombre": "Catarina",
    "email": "chanafordf@thetimes.co.uk"
  },
  {
    "apellido": "Ronaldson",
    "id": 17,
    "nombre": "Bevon",
    "email": "bronaldsong@upenn.edu"
  },
  {
    "apellido": "Nelissen",
    "id": 18,
    "nombre": "Cordey",
    "email": "cnelissenh@eventbrite.com"
  },
  {
    "apellido": "Oakeby",
    "id": 19,
    "nombre": "Denny",
    "email": "doakebyi@statcounter.com"
  },
  {
    "apellido": "Lob",
    "id": 20,
    "nombre": "Evyn",
    "email": "elobj@washington.edu"
  },
  {
    "apellido": "McClory",
    "id": 21,
    "nombre": "Tessi",
    "email": "tmccloryk@vk.com"
  },
  {
    "apellido": "Lukash",
    "id": 22,
    "nombre": "Nelli",
    "email": "nlukashl@spiegel.de"
  },
  {
    "apellido": "Joel",
    "id": 23,
    "nombre": "Hephzibah",
    "email": "hjoelm@nydailynews.com"
  },
  {
    "apellido": "Reckus",
    "id": 24,
    "nombre": "Kandace",
    "email": "kreckusn@printfriendly.com"
  },
  {
    "apellido": "Bing",
    "id": 25,
    "nombre": "Eddie",
    "email": "ebingo@wix.com"
  },
  {
    "apellido": "Scini",
    "id": 26,
    "nombre": "Boothe",
    "email": "bscinip@huffingtonpost.com"
  },
  {
    "apellido": "Phythian",
    "id": 27,
    "nombre": "Brandy",
    "email": "bphythianq@huffingtonpost.com"
  },
  {
    "apellido": "Cowburn",
    "id": 28,
    "nombre": "Bonita",
    "email": "bcowburnr@surveymonkey.com"
  },
  {
    "apellido": "Lestor",
    "id": 29,
    "nombre": "Isaak",
    "email": "ilestors@csmonitor.com"
  },
  {
    "apellido": "Iwanowicz",
    "id": 30,
    "nombre": "Elihu",
    "email": "eiwanowiczt@jimdo.com"
  },
  {
    "apellido": "Poppleston",
    "id": 31,
    "nombre": "Jorie",
    "email": "jpopplestonu@utexas.edu"
  },
  {
    "apellido": "Gosalvez",
    "id": 32,
    "nombre": "Shari",
    "email": "sgosalvezv@nature.com"
  },
  {
    "apellido": "Harmon",
    "id": 33,
    "nombre": "Glen",
    "email": "gharmonw@psu.edu"
  },
  {
    "apellido": "Alchin",
    "id": 34,
    "nombre": "Ambrosi",
    "email": "aalchinx@mlb.com"
  },
  {
    "apellido": "Botterman",
    "id": 35,
    "nombre": "Zia",
    "email": "zbottermany@tripadvisor.com"
  },
  {
    "apellido": "Johnstone",
    "id": 36,
    "nombre": "Uriah",
    "email": "ujohnstonez@bing.com"
  },
  {
    "apellido": "Bushrod",
    "id": 37,
    "nombre": "Leela",
    "email": "lbushrod10@behance.net"
  },
  {
    "apellido": "Elcom",
    "id": 38,
    "nombre": "Fabio",
    "email": "felcom11@pinterest.com"
  },
  {
    "apellido": "Curbishley",
    "id": 39,
    "nombre": "Dorothea",
    "email": "dcurbishley12@oaic.gov.au"
  },
  {
    "apellido": "Amesbury",
    "id": 40,
    "nombre": "Gustavo",
    "email": "gamesbury13@phpbb.com"
  },
  {
    "apellido": "Denness",
    "id": 41,
    "nombre": "Hannis",
    "email": "hdenness14@nsw.gov.au"
  },
  {
    "apellido": "Langdale",
    "id": 42,
    "nombre": "Dave",
    "email": "dlangdale15@dedecms.com"
  },
  {
    "apellido": "Lenoir",
    "id": 43,
    "nombre": "Merrick",
    "email": "mlenoir16@slideshare.net"
  },
  {
    "apellido": "Gero",
    "id": 44,
    "nombre": "Stern",
    "email": "sgero17@telegraph.co.uk"
  },
  {
    "apellido": "Wightman",
    "id": 45,
    "nombre": "Cad",
    "email": "cwightman18@vkontakte.ru"
  },
  {
    "apellido": "Mulvey",
    "id": 46,
    "nombre": "Emmey",
    "email": "emulvey19@wired.com"
  },
  {
    "apellido": "Knutton",
    "id": 47,
    "nombre": "Nyssa",
    "email": "nknutton1a@netlog.com"
  },
  {
    "apellido": "Trask",
    "id": 48,
    "nombre": "Margareta",
    "email": "mtrask1b@ox.ac.uk"
  },
  {
    "apellido": "Snadden",
    "id": 49,
    "nombre": "Frances",
    "email": "fsnadden1c@dyndns.org"
  },
  {
    "apellido": "Hullbrook",
    "id": 50,
    "nombre": "Kermy",
    "email": "khullbrook1d@trellian.com"
  },
  {
    "apellido": "McFadzean",
    "id": 51,
    "nombre": "Aaron",
    "email": "amcfadzean1e@friendfeed.com"
  },
  {
    "apellido": "Figgess",
    "id": 52,
    "nombre": "Susanne",
    "email": "sfiggess1f@example.com"
  },
  {
    "apellido": "Banbrook",
    "id": 53,
    "nombre": "Kirsten",
    "email": "kbanbrook1g@youku.com"
  },
  {
    "apellido": "Lillicrap",
    "id": 54,
    "nombre": "Rosaleen",
    "email": "rlillicrap1h@163.com"
  },
  {
    "apellido": "Axon",
    "id": 55,
    "nombre": "Ceil",
    "email": "caxon1i@soundcloud.com"
  },
  {
    "apellido": "Jays",
    "id": 56,
    "nombre": "Bell",
    "email": "bjays1j@hao123.com"
  },
  {
    "apellido": "Dumpleton",
    "id": 57,
    "nombre": "Pammie",
    "email": "pdumpleton1k@wufoo.com"
  },
  {
    "apellido": "Stygall",
    "id": 58,
    "nombre": "Danyette",
    "email": "dstygall1l@wsj.com"
  },
  {
    "apellido": "Kerwin",
    "id": 59,
    "nombre": "Otis",
    "email": "okerwin1m@netscape.com"
  },
  {
    "apellido": "Falks",
    "id": 60,
    "nombre": "Brittan",
    "email": "bfalks1n@gizmodo.com"
  },
  {
    "apellido": "Sherlock",
    "id": 61,
    "nombre": "Allina",
    "email": "asherlock1o@topsy.com"
  },
  {
    "apellido": "Eite",
    "id": 62,
    "nombre": "Ruthy",
    "email": "reite1p@issuu.com"
  },
  {
    "apellido": "Strasse",
    "id": 63,
    "nombre": "Ivan",
    "email": "istrasse1q@example.com"
  },
  {
    "apellido": "Bounde",
    "id": 64,
    "nombre": "Gayle",
    "email": "gbounde1r@blogtalkradio.com"
  },
  {
    "apellido": "Mynott",
    "id": 65,
    "nombre": "Valentine",
    "email": "vmynott1s@blogtalkradio.com"
  },
  {
    "apellido": "Lindeberg",
    "id": 66,
    "nombre": "Gussi",
    "email": "glindeberg1t@ucoz.ru"
  },
  {
    "apellido": "Kopacek",
    "id": 67,
    "nombre": "Tammara",
    "email": "tkopacek1u@bizjournals.com"
  },
  {
    "apellido": "Glasby",
    "id": 68,
    "nombre": "Jefferson",
    "email": "jglasby1v@about.me"
  },
  {
    "apellido": "Lennox",
    "id": 69,
    "nombre": "Kiersten",
    "email": "klennox1w@hp.com"
  },
  {
    "apellido": "Bellenie",
    "id": 70,
    "nombre": "Rozele",
    "email": "rbellenie1x@wiley.com"
  },
  {
    "apellido": "Paynes",
    "id": 71,
    "nombre": "Ermina",
    "email": "epaynes1y@prlog.org"
  },
  {
    "apellido": "Petyakov",
    "id": 72,
    "nombre": "Yule",
    "email": "ypetyakov1z@webs.com"
  },
  {
    "apellido": "MacKeeg",
    "id": 73,
    "nombre": "Lise",
    "email": "lmackeeg20@pinterest.com"
  },
  {
    "apellido": "Pugsley",
    "id": 74,
    "nombre": "Daphna",
    "email": "dpugsley21@exblog.jp"
  },
  {
    "apellido": "Brunt",
    "id": 75,
    "nombre": "Florenza",
    "email": "fbrunt22@hatena.ne.jp"
  },
  {
    "apellido": "Walthall",
    "id": 76,
    "nombre": "Stearn",
    "email": "swalthall23@blogger.com"
  },
  {
    "apellido": "Leggott",
    "id": 77,
    "nombre": "Cornell",
    "email": "cleggott24@arizona.edu"
  },
  {
    "apellido": "Mattisson",
    "id": 78,
    "nombre": "Ernesta",
    "email": "emattisson25@fotki.com"
  },
  {
    "apellido": "Cartner",
    "id": 79,
    "nombre": "Lewiss",
    "email": "lcartner26@friendfeed.com"
  },
  {
    "apellido": "Tampling",
    "id": 80,
    "nombre": "Susy",
    "email": "stampling27@dedecms.com"
  },
  {
    "apellido": "Howard",
    "id": 81,
    "nombre": "Claudio",
    "email": "choward28@google.com.au"
  },
  {
    "apellido": "Struthers",
    "id": 82,
    "nombre": "Alexa",
    "email": "astruthers29@issuu.com"
  },
  {
    "apellido": "Preedy",
    "id": 83,
    "nombre": "Damiano",
    "email": "dpreedy2a@nba.com"
  },
  {
    "apellido": "Roots",
    "id": 84,
    "nombre": "Gerhardine",
    "email": "groots2b@altervista.org"
  },
  {
    "apellido": "Gergher",
    "id": 85,
    "nombre": "Cathee",
    "email": "cgergher2c@gizmodo.com"
  },
  {
    "apellido": "Barthrop",
    "id": 86,
    "nombre": "Andie",
    "email": "abarthrop2d@photobucket.com"
  },
  {
    "apellido": "Coumbe",
    "id": 87,
    "nombre": "Kara-lynn",
    "email": "kcoumbe2e@va.gov"
  },
  {
    "apellido": "Redgate",
    "id": 88,
    "nombre": "Adrienne",
    "email": "aredgate2f@baidu.com"
  },
  {
    "apellido": "Gai",
    "id": 89,
    "nombre": "Tawnya",
    "email": "tgai2g@digg.com"
  },
  {
    "apellido": "Golden of Ireland",
    "id": 90,
    "nombre": "Igor",
    "email": "igoldenofireland2h@unesco.org"
  },
  {
    "apellido": "Fanning",
    "id": 91,
    "nombre": "Lorilyn",
    "email": "lfanning2i@deviantart.com"
  },
  {
    "apellido": "Paton",
    "id": 92,
    "nombre": "Elianora",
    "email": "epaton2j@ustream.tv"
  },
  {
    "apellido": "Sprott",
    "id": 93,
    "nombre": "Bax",
    "email": "bsprott2k@altervista.org"
  },
  {
    "apellido": "Gaynesford",
    "id": 94,
    "nombre": "Pauline",
    "email": "pgaynesford2l@odnoklassniki.ru"
  },
  {
    "apellido": "Mapowder",
    "id": 95,
    "nombre": "Elysee",
    "email": "emapowder2m@printfriendly.com"
  },
  {
    "apellido": "Titterrell",
    "id": 96,
    "nombre": "Esta",
    "email": "etitterrell2n@fotki.com"
  },
  {
    "apellido": "Lace",
    "id": 97,
    "nombre": "Krissie",
    "email": "klace2o@google.ca"
  },
  {
    "apellido": "Lilley",
    "id": 98,
    "nombre": "Lauralee",
    "email": "llilley2p@woothemes.com"
  },
  {
    "apellido": "Blaxeland",
    "id": 99,
    "nombre": "Auberta",
    "email": "ablaxeland2q@dedecms.com"
  },
  {
    "apellido": "Emmison",
    "id": 100,
    "nombre": "Georgianna",
    "email": "gemmison2r@livejournal.com"
  }
]